cx_id,company_name,customer_fname,customer_lname,city,state,address,zip,email,phone_num,valid_support,notes
40000005,Mycat,Cassaundra,Candie,Sioux City,Iowa,950 Russell Park,70185,ccandie3o@samsung.com,7122076214,,
40000044,Wikibox,Beatrice,Collingworth,Kalamazoo,Michigan,02 Chive Avenue,22212,bcollingworth42@icq.com,2693808841,,
40000050,Linkbridge,Alberik,Razzell,New York City,New York,57 Eggendart Junction,91635,arazzell31@nyu.edu,9177800292,,
40000136,Oodoo,Jeannie,Patterson,Largo,Florida,5096 Onsgard Center,28629,jpatterson2f@msu.edu,7279821064,,
40000168,Mudo,Jessey,Huke,Long Beach,California,878 Hoepker Alley,64781,jhuke4f@ca.gov,5627250843,,
40000204,Mynte,Joseito,Ambrosi,Omaha,Nebraska,6185 Sullivan Center,98832,jambrosi2m@woothemes.com,4022632503,,
40000257,Vipe,Ondrea,Sember,Fort Myers,Florida,03058 Hooker Center,31576,osember4m@pagesperso-orange.fr,2395600013,,
40000296,Eare,Irvin,Persence,Pittsburgh,Pennsylvania,8 Mosinee Road,73969,ipersenceb@cbslocal.com,4127650597,,
40000331,Kare,Ashton,Lippett,Boston,Massachusetts,77 Knutson Center,27512,alippett1h@amazon.co.jp,5085591471,,
40000391,Reallinks,Livvie,Roblou,Temple,Texas,37 Killdeer Drive,85963,lroblou1l@wisc.edu,2548842947,,
40000416,Realmix,Pernell,Delle,Norfolk,Virginia,7 Comanche Center,62696,pdellem@google.nl,7572191747,,
40000419,Skiba,Lorna,Morat,Valley Forge,Pennsylvania,6 Oneill Park,39064,lmorat4h@ask.com,4847657125,,
40000473,Talane,Eadie,Dudenie,Rochester,New York,0215 Lotheville Alley,45806,edudenie3y@rambler.ru,5852056728,,
40000610,InnoZ,Perla,Tapp,Norfolk,Virginia,01336 Waywood Drive,96642,ptapp19@github.io,7576321882,,
40000691,BlogXS,Jacky,Merrikin,Carol Stream,Illinois,2708 Coolidge Pass,84876,jmerrikin3m@virginia.edu,3093950839,,
40000705,Devcast,Corinna,Brownsworth,Green Bay,Wisconsin,27329 Mallory Crossing,51076,cbrownsworth5a@sun.com,9205150530,,
40000744,Voomm,Herminia,Greenaway,Fort Worth,Texas,275 Jay Lane,53272,hgreenaway9@theguardian.com,6828717918,,
40000756,Thoughtworks,Lemmy,Habard,Oklahoma City,Oklahoma,84560 Stang Alley,55580,lhabard4t@weather.com,4056847863,,
40001013,Avaveo,Lillian,Sibley,Saint Louis,Missouri,1586 Lakeland Center,64463,lsibley1g@com.com,3142650570,,
40001064,Skyble,Alvy,Banishevitz,Burbank,California,56 Golf Lane,22470,abanishevitz1n@trellian.com,6616362910,,
40001083,Tagfeed,Gearalt,McOwan,Colorado Springs,Colorado,89606 Grasskamp Alley,40374,gmcowan4l@addthis.com,7198709583,,
40001085,Flipbug,Jerrome,Langcastle,Des Moines,Iowa,0 Barby Center,78497,jlangcastle1@dell.com,5158771758,,
40001194,Reallinks,Rabi,Pendleberry,Virginia Beach,Virginia,0287 Hayes Lane,75427,rpendleberry2q@instagram.com,7575316346,,
40001307,Kazio,Cindie,Richard,Naperville,Illinois,43 Golf View Court,94805,crichard45@pbs.org,6304685396,,
40001337,Voonix,Chery,Aldwick,Austin,Texas,535 Weeping Birch Plaza,80014,caldwickh@google.ca,5129985911,,
40001348,Twiyo,Elwin,Hallihane,Baltimore,Maryland,5760 Southridge Street,54155,ehallihane1o@nih.gov,4108154981,,
40001380,Livepath,Spencer,Lucks,Palmdale,California,245 Sheridan Street,86750,slucks2h@123-reg.co.uk,6611371400,,
40001422,Livetube,Elmira,Gabbetis,Phoenix,Arizona,78023 Annamark Hill,27865,egabbetis3q@stanford.edu,6026824751,,
40001515,Centimia,Mitch,Blazewicz,Valdosta,Georgia,65 Delaware Road,95224,mblazewiczl@toplist.cz,2294243025,,
40001662,Zoombox,Judy,Humberston,Seattle,Washington,344 Gale Hill,37110,jhumberston1i@un.org,2061446806,,
40001735,Tagcat,Ernesta,Mc Ilory,Brooklyn,New York,19071 Lunder Way,99712,emciloryp@gov.uk,2124057408,,
40001736,Trudoo,Dusty,Gun,Springfield,Missouri,45 Bunting Drive,39253,dgun1j@xing.com,4173956620,,
40001756,Brainverse,Chic,Leabeater,Miami,Florida,51 Shoshone Circle,41503,cleabeater1w@networkadvertising.org,3055890751,,
40001795,Wordpedia,Goober,Heppenspall,Washington,District of Columbia,25 Straubel Terrace,58832,gheppenspalli@bandcamp.com,2028634560,,
40001798,Dabvine,Robinet,McCaw,Shawnee Mission,Kansas,56023 Ridge Oak Pass,93319,rmccaw4b@php.net,9139368819,,
40001823,Tagfeed,Fitz,Feckey,West Palm Beach,Florida,15 5th Plaza,53642,ffeckey3f@issuu.com,5613246203,,
40001850,Einti,Cherilynn,Pembry,Dallas,Texas,6712 Namekagon Circle,80281,cpembry3i@tinypic.com,2141230579,,
40001873,Trilith,Sonja,Ciccarelli,Montgomery,Alabama,64417 Waubesa Pass,50756,sciccarelli1p@yolasite.com,3343693449,,
40001982,Oyoyo,Rem,Bortolazzi,Norman,Oklahoma,97 Pawling Circle,73104,rbortolazzi1m@newsvine.com,4051529073,,
40002132,Yabox,Marcellus,Dulton,Johnson City,Tennessee,8 Fallview Road,63558,mdulton17@state.tx.us,4237343426,,
40002199,Shufflebeat,Lisha,Moore,Scranton,Pennsylvania,28472 Westport Hill,60045,lmoore4r@prlog.org,5707414925,,
40002233,Skipstorm,Gunner,Barchrameev,Houston,Texas,8 Banding Road,52803,gbarchrameev4i@yahoo.co.jp,8328346663,,
40002240,Pixope,Rutledge,Egar,Columbia,South Carolina,47 Browning Hill,64539,regar44@bloglines.com,8036450076,,
40002290,Browsedrive,Donall,Auton,Rochester,New York,9 Eastwood Lane,27770,dauton5g@upenn.edu,5857115641,,
40002363,Eimbee,Kiersten,Paviour,Denver,Colorado,8877 Morrow Place,60582,kpaviour32@chicagotribune.com,3031343714,,
40002373,Mita,Emelita,Densey,Anchorage,Alaska,08513 Blackbird Court,54255,edensey20@google.ca,9077166470,,
40002474,Tagchat,Kat,Darker,Green Bay,Wisconsin,41945 Di Loreto Junction,98499,kdarker13@netscape.com,9207785377,,
40002564,Riffpedia,Shurlocke,Kryszkiecicz,Huntsville,Alabama,24245 Muir Center,86868,skryszkiecicz59@vk.com,2562257499,,
40002625,Pixonyx,Lothaire,Rablen,Bethlehem,Pennsylvania,9297 Butternut Point,59137,lrablen29@bbb.org,4842803012,,
40002655,Youfeed,Bo,McCurrie,Kansas City,Missouri,905 Manufacturers Place,27797,bmccurrie2b@storify.com,8161194131,,
40002670,Shufflebeat,Tammi,Vader,San Bernardino,California,94 Monica Drive,11102,tvader3g@opera.com,9098122147,,
40002684,Thoughtsphere,Arturo,Mayman,San Jose,California,97 Di Loreto Hill,24865,amayman2@icio.us,4087613536,,
40002723,Zoomdog,Charlena,Muggeridge,Miami,Florida,1382 Armistice Court,22586,cmuggeridge2a@joomla.org,7863371736,,
40002802,Babbleopia,Wit,Aingel,Houston,Texas,43 Drewry Junction,15431,waingelg@squidoo.com,2814625921,,
40002831,Geba,Feodora,Playdon,Oxnard,California,63 Rockefeller Street,49495,fplaydonw@hatena.ne.jp,8056049149,,
40002873,Blogspan,Julissa,Iddens,Cleveland,Ohio,45660 Manley Street,12254,jiddens4s@sbwire.com,2167381304,,
40002922,Oyoyo,Camila,Hise,Grand Junction,Colorado,9 Quincy Terrace,73193,chise1t@craigslist.org,9709390998,,
40002933,Quimm,Devi,Zuanelli,Hartford,Connecticut,38 Huxley Place,57050,dzuanelli3j@illinois.edu,8604294215,,
40002985,Mycat,Byram,Marrett,Knoxville,Tennessee,6 Aberg Center,76419,bmarrett1x@reference.com,8657798028,,
40002986,Yambee,Marlyn,Baglow,Miami,Florida,7593 Morrow Lane,36153,mbaglow1f@spotify.com,7868079890,,
40003102,Zoozzy,Reinald,Cotte,Colorado Springs,Colorado,42 Schlimgen Alley,32739,rcotte15@comsenz.com,7199345829,,
40003128,Avamba,Ariel,Bransdon,Minneapolis,Minnesota,33 Clemons Court,75818,abransdon4v@hatena.ne.jp,7637210494,,
40003182,Flipopia,Evita,Hurl,Garden Grove,California,5 Johnson Road,79718,ehurl4a@reference.com,7144597029,,
40003227,Lazz,Kendricks,Birkin,Pittsburgh,Pennsylvania,01485 Little Fleur Lane,21331,kbirkin30@unicef.org,4125852174,,
40003257,Twinte,Yvette,Roscamp,Portland,Oregon,63 Jackson Plaza,88023,yroscamp27@i2i.jp,5037375685,,
40003325,Flashdog,Blanche,Harvey,Columbia,South Carolina,2 Maple Lane,72484,bharvey2k@squidoo.com,8038088441,,
40003341,Yambee,Clementia,O'Grady,Rochester,New York,0016 Moulton Point,81201,cogrady1e@comsenz.com,5858633490,,
40003363,Vinder,Vernice,Chander,Beaumont,Texas,9999 Cambridge Plaza,53578,vchander2z@nationalgeographic.com,4091972022,,
40003465,Divape,Charita,Vidyapin,Pasadena,California,9943 Hayes Road,80704,cvidyapin3d@sphinn.com,6262251090,,
40003521,Brainlounge,Gabriel,Cranshaw,Washington,District of Columbia,31 Eliot Pass,95993,gcranshaw41@slideshare.net,2023071005,,
40003589,Latz,Dosi,Slyvester,Tucson,Arizona,79 Meadow Valley Point,28950,dslyvesterz@marriott.com,5204231835,,
40003598,Jaxnation,Ketty,Caslett,Omaha,Nebraska,9880 Ramsey Hill,68459,kcaslettt@wsj.com,4029160573,,
40003788,Fivechat,Debera,Dunbobbin,Washington,District of Columbia,784 Shelley Point,47714,ddunbobbin10@pcworld.com,2028184564,,
40003854,Topicblab,Robinett,Phipson,Birmingham,Alabama,13614 Stoughton Drive,47801,rphipson50@theatlantic.com,2058862914,,
40003867,Yakidoo,Rosette,Cheesworth,Los Angeles,California,203 Utah Court,84455,rcheesworth4p@npr.org,8186399838,,
40003934,Feedfish,Valli,Reding,Canton,Ohio,3182 Johnson Point,22823,vreding4w@slate.com,2343426040,,
40003960,Talane,Aylmar,Brambill,Palo Alto,California,3925 Amoth Crossing,10825,abrambill35@infoseek.co.jp,3107580606,,
40003963,Reallinks,Andres,Dickin,New Orleans,Louisiana,90507 Artisan Road,39873,adickin1v@nationalgeographic.com,5047715593,,
40004092,Edgewire,Christyna,Otson,Laurel,Maryland,531 Milwaukee Park,51050,cotsonu@amazon.co.jp,3018696033,,
40004242,Skimia,Noell,Dunford,Ashburn,Virginia,846 Sundown Way,71780,ndunford2n@example.com,5717813815,,
40004371,Devpoint,Rouvin,Balchin,Lincoln,Nebraska,4 Hazelcrest Street,90394,rbalchin5e@wiley.com,4025487586,,
40004433,Fliptune,Kurt,Halling,Cincinnati,Ohio,0282 Almo Lane,17367,khalling3v@columbia.edu,5138015728,,
40004480,Gabspot,Jaynell,Mowen,Naperville,Illinois,949 Charing Cross Road,11277,jmowen28@unesco.org,6305185244,,
40004634,Jayo,Rafi,Peggram,El Paso,Texas,01778 Brentwood Parkway,61980,rpeggram47@storify.com,9158014785,,
40004694,Flashset,Alverta,Turley,Vero Beach,Florida,6 Reindahl Drive,10757,aturley5f@instagram.com,7728101912,,
40004696,Blogpad,Karrah,Blakely,Las Vegas,Nevada,271 Oneill Lane,33016,kblakely2p@telegraph.co.uk,7028474456,,
40004697,Rau and Sons,Tome,Hayhurst,Sioux City,Iowa,90 Warrior Trail,51110,thayhurstk@cnbc.com,7129408296,,
40004739,Rhynoodle,Jeannette,Durno,Las Vegas,Nevada,3868 Main Circle,23365,jdurno4d@dmoz.org,7027985357,,
40004767,Oloo,Cosme,Kuhnt,Bryan,Texas,46942 Monument Hill,80657,ckuhnt54@irs.gov,9793546906,,
40004796,Roodel,Zedekiah,Cockburn,San Diego,California,198 Sutteridge Terrace,35962,zcockburn48@seesaa.net,8589713056,,
40004821,Mynte,Gunilla,Isaak,Spartanburg,South Carolina,0088 Bay Crossing,61066,gisaak2d@abc.net.au,8644627951,,
40005002,Brainsphere,Alessandro,Western,New Haven,Connecticut,75159 Kropf Trail,24051,awestern3h@ucoz.ru,2037349385,,
40005025,Twiyo,Bunny,Hansie,Lakewood,Washington,35 Michigan Lane,16095,bhansie2i@statcounter.com,2539860196,,
40005038,Chatterpoint,Daffi,Kingsnode,Reston,Virginia,41388 Parkside Parkway,96749,dkingsnode3e@nhs.uk,5713061916,,
40005118,Dabvine,Angelita,Silkstone,Yakima,Washington,290 Riverside Avenue,99820,asilkstone3p@wikipedia.org,5099624994,,
40005129,Rhyzio,Alvira,Jennions,Brockton,Massachusetts,5 Basil Parkway,20440,ajennions43@eventbrite.com,5083782337,,
40005181,Yodoo,Katya,Adelsberg,New York City,New York,76630 Hintze Alley,19598,kadelsberg2j@hao123.com,2129619182,,
40005270,Vitz,Dorris,Limbrick,Indianapolis,Indiana,122 Farwell Circle,46526,dlimbrick4o@nsw.gov.au,3177914957,,
40005328,Youtags,Franni,Emmanuel,Jamaica,New York,0 Burning Wood Junction,53626,femmanuel1r@amazon.com,7187357533,,
40005350,Tekfly,Robinett,Caccavari,Hyattsville,Maryland,9 Magdeline Hill,21207,rcaccavari1c@netlog.com,3019575641,,
40005353,Trilith,Angelique,Moncarr,New Orleans,Louisiana,45360 Packers Lane,70041,amoncarrd@domainmarket.com,5045695234,,
40005399,Skyndu,Gale,Packe,Young America,Minnesota,5420 Loomis Terrace,41368,gpacke3l@state.tx.us,9524596483,,
40005488,Skinder,Vernon,Petre,Riverside,California,96062 Sunnyside Parkway,44218,vpetre1d@a8.net,9513591144,,
40005603,Plajo,Kanya,Goldsack,Anderson,South Carolina,42 Randy Center,94653,kgoldsack5i@princeton.edu,8642100888,,
40005625,Wordpedia,Mirelle,Liger,Seattle,Washington,66 Kedzie Junction,11708,mligere@studiopress.com,2068091670,,
40005737,Fliptune,Darcy,Mingard,Nashville,Tennessee,99 Glendale Center,56753,dmingardq@ucla.edu,6157104729,,
40005821,Ooba,Pattin,Zanicchelli,Davenport,Iowa,84443 Merrick Pass,21846,pzanicchelli2g@quantcast.com,5636496062,,
40005839,Photobean,Cornela,Trevor,Fresno,California,25 Carey Place,59521,ctrevor3t@wordpress.com,5595076765,,
40005855,Realpoint,Clem,Whitford,Kansas City,Kansas,2 Shasta Circle,51573,cwhitford4u@elpais.com,8166565060,,
40005868,Runte-Crona,Erskine,Bridson,South Bend,Indiana,6 Butternut Street,46614,ebridsonv@joomla.org,5741492689,,
40006002,Flipbug,Grady,Ludwig,New York City,New York,2 Warrior Court,52474,gludwig3b@networkadvertising.org,6464101770,,
40006018,Wordpedia,Jannel,Antony,Denver,Colorado,47 Mayfield Drive,79382,jantony2s@hugedomains.com,7206807592,,
40006024,Latz,Charlene,Sives,Raleigh,North Carolina,0 Talisman Trail,94014,csives2t@utexas.edu,9192205499,,
40006067,Mydeo,Marcella,Angric,Woburn,Massachusetts,92985 Oxford Park,88077,mangric11@miitbeian.gov.cn,3395203853,,
40006099,Innotype,Townsend,Brakewell,Rochester,New York,89 Monument Park,93288,tbrakewell49@skyrock.com,5857232035,,
40006135,Meejo,Flo,Gilson,Albuquerque,New Mexico,83740 Fuller Junction,19235,fgilsonf@unblog.fr,5052478745,,
40006154,Dynabox,Sabine,Fury,Phoenix,Arizona,6 Continental Hill,64098,sfury4n@forbes.com,6231618904,,
40006211,Plajo,Brenda,Cowerd,Huntington,West Virginia,21 John Wall Crossing,20070,bcowerd3r@arstechnica.com,3048739768,,
40006214,Twitternation,Robinia,Banbury,El Paso,Texas,797 Troy Way,95056,rbanbury3u@theatlantic.com,9157880989,,
40006226,Yakidoo,Flynn,Walbrun,Canton,Ohio,43654 Dwight Pass,68007,fwalbrun52@furl.net,3309971835,,
40006243,Mydeo,Baron,Crow,Philadelphia,Pennsylvania,8 Independence Circle,70115,bcrown@reddit.com,2155490979,,
40006244,Nlounge,Audrye,Kitteridge,Idaho Falls,Idaho,9 Ramsey Terrace,20399,akitteridgek@europa.eu,2087569939,,
40006348,Babbleblab,Carrissa,Innis,Tulsa,Oklahoma,8 Butternut Drive,46536,cinnis24@blogs.com,9185009582,,
40006370,Quaxo,Lilian,Goldberg,Shreveport,Louisiana,70221 Coleman Parkway,89811,lgoldberg3z@china.com.cn,3181314338,,
40006388,Quinu,Winifred,Geertje,Washington,District of Columbia,1 Lake View Circle,85817,wgeertjec@hatena.ne.jp,2025119602,,
40006403,Zoomdog,Allene,Thursby,Hattiesburg,Mississippi,78 Hoffman Avenue,15818,athursby1s@purevolume.com,6016202866,,
40006416,Wordpedia,Aurelie,Welldrake,Shawnee Mission,Kansas,04 Brentwood Avenue,89049,awelldrake38@ebay.co.uk,9136881250,,
40006473,Browsetype,Merwyn,Beswetherick,Sacramento,California,9 Delaware Way,33764,mbeswetherick3c@odnoklassniki.ru,9166928103,,
40006631,Trudeo,Margarita,Piff,Las Vegas,Nevada,700 Acker Junction,29080,mpiff40@i2i.jp,7025041202,,
40006637,Kimia,Towny,Bewlie,Jamaica,New York,16293 Haas Trail,92180,tbewlie2u@indiatimes.com,2126602529,,
40006671,Pixope,Jojo,Sears,Albany,Georgia,36793 Sage Junction,63805,jsears3a@e-recht24.de,2296461133,,
40006855,Podcat,Gilligan,Ellaman,New Haven,Connecticut,74 Canary Way,24843,gellaman8@princeton.edu,2037704145,,
40006871,Tagfeed,Victoria,Ancliffe,Oklahoma City,Oklahoma,3 East Circle,65730,vancliffe2y@constantcontact.com,4057986540,,
40006877,Mymm,Jessee,Umbert,Spartanburg,South Carolina,0 Springs Parkway,37341,jumbert1y@google.co.uk,8646638016,,
40006880,Oyonder,Tadeo,Nelson,Ventura,California,15 Schiller Park,38788,tnelson5b@unblog.fr,8054713321,,
40007057,Jaxnation,Colline,Paton,Fort Myers,Florida,1 Green Ridge Park,51323,cpaton26@usa.gov,2398503835,,
40007073,Hauck LLC,Chery,Johananov,Flushing,New York,400 Rieder Hill,11388,cjohananovc@businessweek.com,9179634585,,
40007104,Ntags,Dwayne,Beckles,Atlanta,Georgia,6 Talisman Point,99146,dbeckles4g@prweb.com,4044857472,,
40007118,Tagopia,Ansel,Bailles,Worcester,Massachusetts,5 Vermont Way,29513,abaillesr@redcross.org,5088709521,,
40007163,Quatz,Osborn,Gehrtz,Salt Lake City,Utah,2119 Hagan Road,94062,ogehrtz4j@ameblo.jp,8014909475,,
40007173,Tagcat,Peirce,Attkins,Silver Spring,Maryland,49 Maple Wood Point,99487,pattkins18@webeden.co.uk,2409164123,,
40007185,Vinder,Nessy,Elloit,Kansas City,Kansas,416 Miller Pass,45158,nelloit2o@dyndns.org,8168868233,,
40007206,Flashpoint,Vera,Jarritt,Columbia,South Carolina,643 Bay Junction,10819,vjarritt1k@virginia.edu,8034707134,,
40007263,Rhyzio,Henka,Haslum,Laredo,Texas,07720 Lakewood Court,67384,hhaslum12@ebay.co.uk,9566149655,,
40007315,Vinte,Sacha,Bunt,Denver,Colorado,87804 Redwing Center,28295,sbunt57@comsenz.com,3036807171,,
40007381,Shufflester,Carmita,MacDermot,New Castle,Pennsylvania,17881 Mifflin Hill,35554,cmacdermot3n@nytimes.com,7249001019,,
40007509,Tagchat,Gun,Farnie,Brooklyn,New York,0323 Burning Wood Park,14174,gfarnie33@fc2.com,9175757451,,
40007534,Livetube,De,Zelake,San Bernardino,California,6081 Meadow Vale Junction,19297,dzelake46@pen.io,9094161919,,
40007696,Youbridge,Britt,Killik,Houston,Texas,9996 Grayhawk Court,23356,bkillik36@lycos.com,2814156512,,
40007744,Gabspot,Derick,Cabrara,Monroe,Louisiana,31 Rockefeller Crossing,72945,dcabrara3w@google.cn,3183852197,,
40007807,Gigabox,Nanine,Toffalo,Burbank,California,9 Kennedy Drive,12861,ntoffalo4z@wikia.com,3236238045,,
40007850,Twitterlist,Modestine,Oswell,Springfield,Ohio,913 Almo Park,71655,moswell4e@wunderground.com,9373097156,,
40007878,Realbuzz,Merrily,Hirthe,Tulsa,Oklahoma,25578 Blackbird Center,58099,mhirthe5d@cyberchimps.com,9184172124,,
40007933,Trilia,Rebbecca,Endricci,Santa Monica,California,035 Hanover Alley,12648,rendricci4c@tripadvisor.com,3107612548,,
40008089,Centidel,Barbette,Betun,Washington,District of Columbia,1518 Carberry Junction,68324,bbetun7@samsung.com,2022988031,,
40008140,Myworks,Carlee,Dinesen,Indianapolis,Indiana,459 Dovetail Circle,46021,cdinesen39@linkedin.com,3174047683,,
40008201,Kwimbee,Tam,Smales,Seattle,Washington,36031 Hooker Parkway,58739,tsmales3x@chicagotribune.com,2068602722,,
40008283,Zoonder,Gardie,Tiebe,Ridgely,Maryland,86872 Anderson Hill,10565,gtiebe2e@smh.com.au,4102366194,,
40008298,Voonyx,Aube,Toulamain,Dallas,Texas,54719 Mendota Lane,15326,atoulamain1a@chicagotribune.com,2146012017,,
40008326,DabZ,Gayle,Goldney,Mobile,Alabama,334 Pennsylvania Place,83758,ggoldneyv@cnn.com,2512214031,,
40008337,Shufflebeat,Junie,Cowpland,El Paso,Texas,556 Golf Center,79068,jcowpland55@etsy.com,9154577270,,
40008352,Meetz,Sarine,Eickhoff,Des Moines,Iowa,75551 Fallview Crossing,33958,seickhoff22@51.la,5155741710,,
40008367,Youtags,Gerrard,Tattersdill,Salt Lake City,Utah,3 Golf Circle,65816,gtattersdill3k@dmoz.org,8018252024,,
40008393,Demivee,Abbe,Togher,South Bend,Indiana,02 Mesta Avenue,66423,atoghers@wsj.com,5741124076,,
40008403,Riffpedia,Korry,Weedon,Wichita,Kansas,57631 Farragut Circle,79687,kweedon4y@tinypic.com,3163326050,,
40008408,Janyx,Amy,Orrow,Conroe,Texas,39 Del Mar Avenue,51340,aorrow4x@dot.gov,9361872315,,
40008409,Blognation,Theodoric,Bomfield,Buffalo,New York,548 Schlimgen Avenue,96648,tbomfield1b@trellian.com,7165880292,,
40008415,Kwilith,Sukey,Mannock,Atlanta,Georgia,2933 Graceland Street,49023,smannocky@slashdot.org,4043347551,,
40008438,Blogspan,Gisella,Duferie,Chattanooga,Tennessee,5338 Stone Corner Pass,29304,gduferie25@example.com,4238350448,,
40008595,Skippad,Bernete,Simion,Dayton,Ohio,447 Badeau Center,53811,bsimion58@google.nl,9371051049,,
40008633,Trunyx,Geralda,Adran,Fort Lauderdale,Florida,2 Fuller Road,80745,gadran56@phpbb.com,9548961342,,
40008640,Kimia,Carmelita,Clancy,Phoenix,Arizona,57 Evergreen Park,84919,cclancyx@google.nl,4806227244,,
40008669,Thoughtstorm,Reid,Gonzales,Panama City,Florida,84 Springview Drive,29049,rgonzales3s@oakley.com,8508072286,,
40008699,Twitterbridge,Umeko,Cluley,Chattanooga,Tennessee,45 South Crossing,74176,ucluley23@google.ca,4236293138,,
40008778,Kwimbee,Sarge,Guise,Tuscaloosa,Alabama,361 New Castle Junction,95905,sguise5@addthis.com,2058255287,,
40008806,Wikizz,Jean,MacCarter,Roanoke,Virginia,02 Randy Avenue,12183,jmaccarter53@trellian.com,5405905743,,
40008810,Skaboo,Flossie,Landells,Pasadena,Texas,8600 Riverside Court,22153,flandells2w@army.mil,7139124791,,
40008821,Aibox,Eulalie,Pucker,Des Moines,Iowa,43721 Schiller Pass,37385,epucker4k@squarespace.com,5151040444,,
40008832,Pixonyx,Em,Righy,San Jose,California,4 Sycamore Junction,87352,erighy21@ed.gov,4085389322,,
40008888,Dynazzy,Geri,Kempe,Los Angeles,California,2320 Stang Alley,70395,gkempe2x@163.com,2133881330,,
40008940,InnoZ,Thaddus,Waddams,Birmingham,Alabama,76 Mayfield Plaza,32987,twaddams14@state.tx.us,2053140618,,
40008953,Voonder,Cindee,Grigoletti,Huntington Beach,California,78 Almo Crossing,17234,cgrigoletti51@ed.gov,7604198747,,
40008969,Tambee,Sal,Golly,Mobile,Alabama,8408 Logan Terrace,97190,sgolly5c@123-reg.co.uk,2514411391,,
40009116,Browsetype,Corry,Reboulet,Panama City,Florida,0 Carpenter Crossing,14608,creboulet3@simplemachines.org,8509378625,,
40009142,Yakijo,Adeline,O'Hear,Ogden,Utah,073 Browning Circle,59135,aohear6@myspace.com,8013092800,,
40009185,Voolith,Zacharie,Mattusov,Colorado Springs,Colorado,9 Troy Terrace,95123,zmattusov5h@desdev.cn,7195899965,,
40009277,Zava,Les,Ambroz,South Bend,Indiana,754 David Alley,19872,lambroz37@weather.com,5744836187,,
40009309,Divanoodle,Tyler,Mugridge,Santa Clara,California,73445 Duke Road,10300,tmugridge2c@usa.gov,4081570716,,
40009386,Layo,Leonidas,Geroldini,Anchorage,Alaska,07 Jackson Junction,50521,lgeroldini0@digg.com,9074846963,,
40009420,Twitterlist,Mollie,Piers,Fullerton,California,7561 Crownhardt Way,78771,mpiers2r@ezinearticles.com,5591627094,,
40009450,Bubblebox,Hugo,Ianni,Fort Worth,Texas,17517 Wayridge Trail,28617,hianni5j@geocities.com,6822708469,,
40009473,Skinix,Myrtice,Forsdicke,Lake Charles,Louisiana,0 Redwing Place,54254,mforsdicke1u@artisteer.com,3376118486,,
40009515,Quatz,Talya,Grissett,Austin,Texas,627 Cottonwood Crossing,55869,tgrissetta@berkeley.edu,5128736071,,
40009525,Yacero,Adrianne,Coker,Omaha,Nebraska,428 Del Mar Pass,68130,acoker4q@google.nl,4022168195,,
40009566,Gigabox,Margot,Castelletti,San Luis Obispo,California,99420 Nancy Street,19464,mcastelletti1z@so-net.ne.jp,8059167615,,
40009588,Avaveo,Reuven,O'Corr,Houston,Texas,1035 Farmco Lane,68048,rocorr34@howstuffworks.com,2816134935,,
40009677,Gabtune,Janaya,Digg,Sacramento,California,6712 Dovetail Terrace,91119,jdigg2v@multiply.com,9167282352,,
40009716,Mymm,Reine,Perillo,Washington,District of Columbia,3 American Circle,22975,rperillo2l@twitpic.com,2025402915,,
40009752,Trudeo,Gavin,Zanassi,Young America,Minnesota,47506 Calypso Plaza,49248,gzanassi16@networksolutions.com,9522092867,,
40009829,Rhynoodle,Berty,Towse,New York City,New York,20 Brickson Park Junction,33061,btowse1q@scribd.com,9179529040,,
40009953,Tekfly,Benedicta,Crowdson,Fort Lauderdale,Florida,564 Express Lane,65269,bcrowdson4@photobucket.com,9541474374,,
40009970,Meetz,Aldwin,Ibert,Milwaukee,Wisconsin,083 Pepper Wood Court,28377,aiberto@hud.gov,4149582353,,
40009985,Chatterpoint,Jemima,McAless,Apache Junction,Arizona,991 Kingsford Drive,53189,jmcalessj@desdev.cn,4805154554,,
40010570,Sporer-Boehm,Derron,Karle,San Francisco,California,793 Butterfield Center,94169,dkarlef@bbb.org,4159710530,,
40011693,Pouros-Botsford,Natasha,Slatford,El Paso,Texas,4 Jana Parkway,79955,nslatford5@google.com.au,9151375976,,
40014532,"Windler, Hagenes and Eichmann",Catarina,Gudyer,New Brunswick,New Jersey,7 Heffernan Trail,8922,cgudyer15@fotki.com,7327294730,,
40014706,Wilkinson-Botsford,Emelda,Jaquest,Washington,District of Columbia,17 Harper Place,20078,ejaquest10@foxnews.com,2028738377,,
40015243,McKenzie-Hyatt,Demetri,Aronow,Chesapeake,Virginia,20 Johnson Street,23324,daronowr@unesco.org,7576922126,,
40020445,"Hayes, Jacobi and Boehm",Arlette,Colgrave,Mobile,Alabama,4035 Veith Parkway,36641,acolgrave1m@smh.com.au,2518723740,,
40020793,Yost-Ortiz,Rodolph,Popworth,Portland,Oregon,43 Nancy Terrace,97206,rpopworths@slate.com,5034720043,,
40023590,Stokes-Strosin,Evangeline,O'Rourke,Colorado Springs,Colorado,0873 Messerschmidt Trail,80935,eorourke17@economist.com,7192226407,,
40027532,Olson Group,Faina,Deftie,Billings,Montana,786 3rd Terrace,59112,fdeftie2@si.edu,4067856636,,
40028289,Green and Sons,Keith,Croyden,Charlotte,North Carolina,7 Sauthoff Alley,28247,kcroyden3@google.co.jp,7047464693,,
40030728,Jacobi and Sons,Corabel,Roberson,Dayton,Ohio,769 Derek Center,45414,croberson1f@booking.com,9373524674,,
40034483,McLaughlin-Volkman,May,Wallbridge,Tulsa,Oklahoma,36 Eliot Road,74133,mwallbridge14@wisc.edu,9184401739,,
40035114,Bode-Runolfsdottir,Maritsa,Umney,Tacoma,Washington,4 1st Drive,98464,mumney0@list-manage.com,2537142992,,
40035747,Von-Marquardt,Mylo,Clewlow,Louisville,Kentucky,85071 Tony Center,40293,mclewlowa@latimes.com,5022304162,,
40036005,Schmeler-MacGyver,Abeu,Mosten,Colorado Springs,Colorado,303 South Hill,80935,amosten19@phpbb.com,7199713401,,
40037504,"Kohler, Buckridge and Legros",Phaedra,Hellin,Huntsville,Alabama,102 Loeprich Lane,35895,phellin1l@microsoft.com,2562443849,,
40037785,Sanford-Hettinger,Nicolais,Snelman,Jeffersonville,Indiana,0 Anniversary Hill,47134,nsnelmanb@flickr.com,8121610324,,
40038174,Medhurst-Ratke,Audrye,Pelham,Rochester,New York,95 International Pass,14652,apelhami@parallels.com,5852141847,,
40038182,"Will, MacGyver and Lehner",Waylin,Sobtka,South Lake Tahoe,California,187 Westridge Crossing,96154,wsobtka6@freewebs.com,5304969300,,
40044260,Kerluke and Sons,Shela,Chetwynd,Long Beach,California,43439 Gulseth Alley,90831,schetwyndq@qq.com,5622196601,,
40045312,"Frami, McKenzie and Feeney",Lanita,Twidell,Palm Bay,Florida,0 Lighthouse Bay Pass,32909,ltwidellj@yolasite.com,3217055501,,
40046085,"Kuhn, Baumbach and Vandervort",Morse,I'anson,Atlanta,Georgia,9074 Hovde Terrace,30328,miansonz@oakley.com,6781977706,,
40046878,Abernathy Inc,Chelsea,Sodeau,Tulsa,Oklahoma,1 Valley Edge Court,74193,csodeau1c@archive.org,9181424907,,
40048032,"Flatley, Streich and Koelpin",Tonya,Oxtiby,Canton,Ohio,86 Gina Center,44705,toxtiby1a@github.com,3301300681,,
40048424,Kris Inc,Kin,Cregeen,San Antonio,Texas,53197 Hayes Lane,78220,kcregeen1h@ow.ly,2103839074,,
40050736,Spinka LLC,Jami,Rillatt,Los Angeles,California,78 Mayer Junction,90076,jrillatt1k@samsung.com,3236361484,,
40052055,Homenick-Bode,Adriena,Wais,Monticello,Minnesota,87 Hollow Ridge Drive,55585,awais1b@nydailynews.com,7635775976,,
40055294,Gaylord Inc,Irwin,Finding,Washington,District of Columbia,5883 Lien Court,20566,ifinding7@squidoo.com,2028058285,,
40055314,Jacobi and Sons,Ginni,Grist,Nashville,Tennessee,71291 Caliangt Center,37235,ggrist16@ibm.com,6151500876,,
40056973,Stracke LLC,Jedediah,Crimin,Minneapolis,Minnesota,971 Kipling Lane,55458,jcriminw@deliciousdays.com,6125118392,,
40060989,"Bergnaum, Sporer and Parisian",Shir,Ayton,Chattanooga,Tennessee,4910 Westport Terrace,37405,saytono@mozilla.org,4237801035,,
40062059,Welch-Lowe,Michael,Capper,Houston,Texas,6276 Kensington Center,77085,mcapper11@cnet.com,7133937866,,
40062764,Krajcik-Mertz,Rowena,Gillebride,Atlanta,Georgia,0 Sutherland Terrace,31132,rgillebridex@acquirethisname.com,4049247087,,
40062866,"Cronin, Herzog and Lindgren",Timmie,Legge,Hicksville,New York,0697 Ryan Center,11854,tleggeg@wikia.com,5162289057,,
40064452,Hahn LLC,Lian,Bourges,Fort Worth,Texas,6 Tennessee Terrace,76162,lbourgesu@sitemeter.com,6825955976,,
40064990,Kunde-Waelchi,Johan,Almak,Pittsburgh,Pennsylvania,587 Boyd Park,15225,jalmak1i@google.cn,4124865560,,
40065430,"Paucek, VonRueden and Lockman",Fredra,Bruno,Everett,Washington,448 Graedel Place,98206,fbrunod@va.gov,4259858739,,
40069981,Rogahn-Greenfelder,Chere,Lush,Montgomery,Alabama,61 Montana Road,36125,clush1@lulu.com,3346580750,,
40070364,Lang-Thiel,Puff,Bolin,Panama City,Florida,4 3rd Street,32405,pbolinh@geocities.com,8505527117,,
40072987,"Huel, Jones and Nikolaus",Priscella,Flowers,Camden,New Jersey,92 Rockefeller Lane,8104,pflowers4@wordpress.org,8568535719,,
40074891,Franecki-Kunde,Rici,Sutherden,Littleton,Colorado,25161 Springs Street,80161,rsutherden13@over-blog.com,7207771223,,
40076024,Goldner LLC,Wylie,Drewet,Charlotte,North Carolina,16336 Bowman Drive,28230,wdrewett@cbslocal.com,7049918136,,
40079246,Lang-Lowe,Rebeka,Aicheson,Glendale,California,123 International Terrace,91210,raichesonl@mit.edu,8188864466,,
40080826,"Corwin, Johnson and Goyette",Porty,Sich,Akron,Ohio,13 Burrows Park,44393,psichp@wired.com,2343564935,,
40080831,McGlynn-Yost,Abigael,Avrahamof,Springfield,Massachusetts,24719 Transport Point,1105,aavrahamof18@networksolutions.com,4138640049,,
40083325,"Sipes, King and Gutkowski",Bonnee,Toghill,Orlando,Florida,7 Moulton Avenue,32830,btoghill1e@wikispaces.com,4073938892,,
40083390,Batz-Deckow,Son,Fend,Boulder,Colorado,7 Duke Hill,80328,sfend1d@chicagotribune.com,3035928497,,
40084402,Beahan LLC,Kamillah,Eathorne,Denver,Colorado,50800 Loomis Center,80262,keathorne1g@weibo.com,3033565819,,
40084695,Murazik-Padberg,Brynn,Rigler,Independence,Missouri,4673 Goodland Hill,64054,brigler1n@weibo.com,8161920090,,
40087209,Farrell-Kuhic,Lenna,Robbel,Simi Valley,California,7 Meadow Valley Drive,93094,lrobbely@sina.com.cn,8058679400,,
40087512,O'Keefe-Kohler,Jeremias,Fraine,San Diego,California,4203 Kipling Place,92145,jfraine8@plala.or.jp,6199658689,,
40088714,"Sporer, Wyman and Dietrich",Federico,Addeycott,Phoenix,Arizona,03 Saint Paul Drive,85072,faddeycott1j@census.gov,6024019059,,
40088819,Rutherford-Hills,Lindsay,Jeppe,Saint Augustine,Florida,6060 International Way,32092,ljeppe9@ezinearticles.com,9049622357,,
40090030,Brown Inc,Loralee,Sapsed,New Haven,Connecticut,8847 Luster Alley,6538,lsapsedn@patch.com,2035943498,,
40091870,"Morar, Heller and Herzog",Becky,Hadfield,Louisville,Kentucky,50082 Crowley Pass,40256,bhadfield12@nih.gov,5021182808,,
40097517,Mitchell Inc,Corrinne,Megson,Tulsa,Oklahoma,17 Harper Terrace,74126,cmegsone@baidu.com,9189745833,,
40098339,"Weber, Cummings and Marks",Caritta,Spon,Cincinnati,Ohio,09 Packers Court,45238,csponm@list-manage.com,5136736472,,
