support_rep_id,support_first_name,support_last_name
90000000,Nichols,Rabidge
90000001,Merrill,Deesly
90000002,Anna-diana,Pretor
90000003,Findlay,Howbrook
90000004,Irene,Ducarne
90000005,Alfy,Del Dello
90000006,Sheba,Joll
90000007,Babb,Lamey
90000008,Frederique,Gyorffy
90000009,Imogen,Hamshaw
90000010,Quincey,Goodredge
90000011,Hesther,Dowman
90000012,Gannon,MacCallum
90000013,Christa,Burnand
90000014,Catriona,Middlewick
90000015,Laney,Shackleton
90000016,Arty,Servante
90000017,David,Doumerc
90000018,Faustina,Leeb
90000019,Matt,LaFayette
90000020,Dwain,Najera
90000021,Meta,Huerta
90000022,Constantina,Bladen
90000023,Keelby,Sommerville
